Артикул;Ссылка
GA-2100SKE-7AER;https://shop.casio.ru/catalog/g-shock-youth/ga-2100ske-7aer/
GA-2100-1AER;https://shop.casio.ru/catalog/g-shock-youth/ga_2100_1aer/
DW-5600E-1VER;https://shop.casio.ru/catalog/g-shock/dw_5600e_1ver/
AWM-500GC-1AJR;https://shop.casio.ru/catalog/g-shock/awm_500gc_1ajr/
DW-5600DAILY21-1ER;https://shop.casio.ru/catalog/g-shock/dw-5600daily21-1er/
G-9000-1VER;https://shop.casio.ru/catalog/g-shock-professional/g_9000_1ver/
GA-100-1A1ER;https://shop.casio.ru/catalog/g-shock-youth/ga_100_1a1er/
GA-100-1A2ER;https://shop.casio.ru/catalog/g-shock-youth/ga_100_1a2er/
GA-100-1A4ER;https://shop.casio.ru/catalog/g-shock-youth/ga_100_1a4er/
GA-100B-4AER;https://shop.casio.ru/catalog/g-shock-youth/ga_100b_4aer/
GA-100B-7AER;https://shop.casio.ru/catalog/g-shock-youth/ga_100b_7aer/
GA-110-1AER;https://shop.casio.ru/catalog/g-shock-youth/ga_110_1aer/
GA-110LS-1AER;https://shop.casio.ru/catalog/g-shock-youth/ga_110ls_1aer/
GA-2100FR-3AER;https://shop.casio.ru/catalog/g-shock-youth/ga_2100fr_3aer/
GA-2100FR-5AER;https://shop.casio.ru/catalog/g-shock-youth/ga_2100fr_5aer/
GA-2100SU-1AER;https://shop.casio.ru/catalog/g-shock-youth/ga_2100su_1aer/
GA-900GC-7AER;https://shop.casio.ru/catalog/g-shock-youth/ga_900gc_7aer/
GAW-100B-1AER;https://shop.casio.ru/catalog/g-shock-youth/gaw_100b_1aer/
GD-100-1BER;https://shop.casio.ru/catalog/g-shock-youth/gd_100_1ber/
GG-1000-1AER;https://shop.casio.ru/catalog/g-shock-professional/gg_1000_1aer/
GM-110NE-1AER;https://shop.casio.ru/catalog/g-shock-youth/gm_110ne_1aer/
GM-2100B-4AER;https://shop.casio.ru/catalog/g-shock/gm-2100b-4aer/
GM-5600EY-1DR;https://shop.casio.ru/catalog/g-shock-youth/gm_5600ey_1dr/
GM-6900SG-9ER;https://shop.casio.ru/catalog/g-shock/gm-6900sg-9er/
GM-S2100-3AER;https://shop.casio.ru/catalog/g-shock-youth/gm-s2100-3aer/
GM-S2100B-8AER;https://shop.casio.ru/catalog/g-shock-youth/gm-s2100b-8aer/
GM-S2100PG-1A4ER;https://shop.casio.ru/catalog/g-shock-youth/gm-s2100pg-1a4er/
GMW-B5000GD-4ER;https://shop.casio.ru/catalog/g-shock-premium/gmw_b5000gd_4er/
GST-B100-1AER;https://shop.casio.ru/catalog/g-shock-g-steel/gst_b100_1aer/
GWG-1000-1A3ER;https://shop.casio.ru/catalog/g-shock-professional/gwg_1000_1a3er/
MRG-B1000D-1ADR;https://shop.casio.ru/catalog/g-shock-premium/mrg-b1000d-1adr/
MRG-B2000B-1ADR;https://shop.casio.ru/catalog/g-shock-premium/mrg-b2000b-1a/
